{"cameraMode":{"drawMode":0,"name":"Shaded","section":"Shading Mode"},"sceneLighting":true,"audioPlay":false,"sceneViewState":{"showFog":true,"showMaterialUpdate":false,"showSkybox":true,"showFlares":true,"showImageEffects":true,"showParticleSystems":true},"in2DMode":false,"pivot":{"x":-1.2377262115478516,"y":2.5924220085144045,"z":-4.034322738647461},"rotation":{"x":0.09711305797100067,"y":-0.7037535905838013,"z":0.09787314385175705,"w":0.697013258934021},"size":19.6232852935791,"orthographic":false}